,City,Cloudiness,Country,Date,Humidity,Lat,Lng,Max Temp,Wind Speed
0,Raudeberg,75,NO,1584476324,80,61.99,5.14,42.8,18.34
1,London,92,GB,1584476174,76,51.51,-0.13,52.0,8.05
2,Cape Town,12,ZA,1584476324,88,-33.93,18.42,68.0,11.41
3,Alanya,40,TR,1584476324,34,36.54,32.0,50.0,23.04
4,Mount Gambier,100,AU,1584476137,33,-37.83,140.77,71.6,14.99
5,Porosozero,99,RU,1584476324,92,62.72,32.73,32.09,14.7
6,Kununurra,40,AU,1584476325,83,-15.77,128.73,77.0,1.12
7,Hobart,75,AU,1584475987,49,-42.88,147.33,68.0,10.29
8,Punta Arenas,75,CL,1584476059,50,-53.15,-70.92,57.2,29.97
9,Rikitea,6,PF,1584476061,79,-23.12,-134.97,80.51,14.43
10,Qaanaaq,96,GL,1584476062,60,77.48,-69.36,-19.39,5.75
11,Meulaboh,100,ID,1584476151,84,4.14,96.13,79.07,9.71
12,Tura,0,IN,1584476032,43,25.52,90.22,66.29,1.97
13,Erenhot,100,CN,1584476131,32,43.65,111.98,39.29,9.95
14,Thompson,5,CA,1584476111,54,55.74,-97.86,-0.4,6.93
15,Bellmead,90,US,1584476326,65,31.59,-97.11,78.01,12.75
16,Klaksvík,0,FO,1584476143,64,62.23,-6.59,37.4,14.99
17,Plácido de Castro,100,BR,1584476326,95,-10.34,-67.19,80.87,3.56
18,Birao,20,CF,1584476125,15,10.28,22.79,84.47,8.66
19,Caniço,40,PT,1584476123,67,32.63,-16.85,59.0,17.22
20,Tsimmerbude,94,RU,1584476327,80,54.67,20.13,41.0,6.71
21,Puerto Ayora,20,EC,1584476327,66,-0.74,-90.35,84.2,13.87
22,Mahébourg,20,MU,1584476129,94,-20.41,57.7,75.2,2.24
23,Port Elizabeth,0,ZA,1584476104,82,-33.92,25.57,66.2,9.17
24,Ushuaia,75,AR,1584475870,47,-54.8,-68.3,57.2,4.7
25,Busselton,68,AU,1584476124,97,-33.65,115.33,52.0,17.16
26,Lebu,0,CL,1584476111,58,-37.62,-73.65,66.11,9.48
27,Sawtell,22,AU,1584476328,93,-30.38,153.1,60.8,8.05
28,Dikson,100,RU,1584476113,100,73.51,80.55,-3.19,6.64
29,New Norfolk,75,AU,1584476328,49,-42.78,147.06,68.0,10.29
30,‘Āhuimanu,90,US,1584476328,74,21.44,-157.84,78.8,4.7
31,Mar del Plata,100,AR,1584476327,77,-38.0,-57.56,75.0,6.93
32,Sisophon,56,KH,1584476329,77,13.59,102.97,80.33,10.29
33,Padang,14,ID,1584476329,91,-0.95,100.35,68.45,5.12
34,Ahipara,0,NZ,1584476123,53,-35.17,173.17,60.53,6.82
35,Río Gallegos,45,AR,1584476329,42,-51.62,-69.22,69.8,11.41
36,Bluff,6,NZ,1584476060,96,-46.6,168.33,41.0,1.99
37,Hilo,90,US,1584476134,83,19.73,-155.09,75.2,13.87
38,East London,100,ZA,1584476329,82,-33.02,27.91,70.61,13.85
39,Kapaa,90,US,1584476040,94,22.08,-159.32,69.8,10.29
40,Hermanus,3,ZA,1584476109,90,-34.42,19.23,64.99,4.32
41,Namtsy,40,RU,1584476142,85,62.72,129.67,12.2,4.47
42,Zhigansk,0,RU,1584476330,91,66.77,123.37,-29.47,12.57
43,Ribeira Grande,20,PT,1584476330,82,38.52,-28.7,64.4,11.41
44,Butaritari,1,KI,1584476113,76,3.07,172.79,82.85,14.23
45,Mossamedes,100,AO,1584476023,80,-15.2,12.15,73.85,6.93
46,Hasaki,75,JP,1584476109,86,35.73,140.83,39.2,1.12
47,Bethel,90,US,1584476116,75,41.37,-73.41,53.01,6.93
48,Grindavik,75,IS,1584476193,86,63.84,-22.43,32.0,24.16
49,Kondinskoye,99,RU,1584476331,85,59.65,67.41,25.97,15.99
50,Simdega,0,IN,1584476331,43,22.62,84.52,69.89,2.75
51,Barbastro,2,ES,1584476331,93,42.04,0.13,55.99,1.12
52,Kamaishi,0,JP,1584476332,79,39.27,141.88,38.03,3.58
53,Husavik,90,IS,1584476155,95,66.04,-17.34,32.0,28.86
54,Port Alfred,47,ZA,1584476075,97,-33.59,26.89,66.99,5.99
55,Tuatapere,34,NZ,1584476182,96,-46.13,167.68,41.0,1.99
56,Beloha,35,MG,1584475990,84,-25.17,45.05,70.61,6.87
57,Taltal,0,CL,1584476134,72,-25.4,-70.48,65.75,7.23
58,Fairbanks,1,US,1584476201,73,64.84,-147.72,34.0,6.93
59,Souillac,20,MU,1584476120,94,-20.52,57.52,75.2,2.24
60,Olafsvik,100,IS,1584476136,75,64.89,-23.71,28.85,41.61
61,Port Hardy,20,CA,1584476103,75,50.7,-127.42,44.6,11.41
62,Belmonte,20,BR,1584476162,74,-15.86,-38.88,86.0,4.7
63,Kangaatsiaq,100,GL,1584476333,66,68.31,-53.46,11.03,23.31
64,Khatanga,78,RU,1584476135,84,71.97,102.5,-16.33,8.99
65,Mariehamn,74,AX,1584476106,75,60.1,19.93,42.8,9.17
66,Luga,95,RU,1584476334,78,58.74,29.85,35.87,10.13
67,Tiznit Province,100,MA,1584476184,83,29.58,-9.5,47.75,12.91
68,Terrace Bay,75,CA,1584476334,49,48.78,-87.1,24.8,11.41
69,Kaitangata,4,NZ,1584476106,81,-46.28,169.85,45.77,9.4
70,Inírida,80,CO,1584476334,42,3.87,-67.92,94.55,3.27
71,Pāsighāt,11,IN,1584476334,54,28.07,95.33,65.21,3.2
72,Alice Springs,0,AU,1584476335,56,-23.7,133.88,68.0,3.36
73,Tuktoyaktuk,90,CA,1584476126,84,69.45,-133.04,-0.4,9.17
74,San Juan,7,AR,1584476315,26,-31.54,-68.54,85.37,19.64
75,Nikolskoye,75,RU,1584476110,74,59.7,30.79,37.4,8.95
76,Bacolod City,0,PH,1584476335,82,10.67,122.95,72.95,5.95
77,Cabo San Lucas,75,MX,1584476111,50,22.89,-109.91,82.4,11.41
78,Arona,75,ES,1584476335,93,28.1,-16.68,64.99,20.8
79,Saskylakh,7,RU,1584476071,80,71.92,114.08,-23.89,7.49
80,Dhing,0,IN,1584476336,29,26.47,92.47,69.35,2.77
81,George Town,20,MY,1584476129,88,5.41,100.34,80.6,3.94
82,Port Blair,100,IN,1584476336,74,11.67,92.75,82.31,10.56
83,Praia da Vitória,20,PT,1584476336,72,38.73,-27.07,64.4,13.33
84,Norman Wells,90,CA,1584476124,85,65.28,-126.83,21.2,4.29
85,Lagoa,0,PT,1584476155,79,39.05,-27.98,62.69,15.97
86,Stonewall,90,CA,1584476108,62,50.13,-97.33,24.01,3.36
87,Vaini,75,TO,1584476070,94,-21.2,-175.2,78.8,13.87
88,Bredasdorp,33,ZA,1584475926,72,-34.53,20.04,68.0,9.17
89,Avarua,100,CK,1584476124,88,-21.21,-159.78,80.6,17.22
90,Jamestown,90,US,1584475843,70,42.1,-79.24,42.8,14.99
91,Richards Bay,100,ZA,1584476337,69,-28.78,32.04,72.77,19.13
92,Brae,12,GB,1584476138,61,60.4,-1.35,41.0,27.51
93,Vila Franca do Campo,20,PT,1584476337,72,37.72,-25.43,60.8,6.93
94,Province of Trapani,75,IT,1584476221,77,37.83,12.67,59.0,2.24
95,Itarema,100,BR,1584476123,86,-2.92,-39.92,77.81,5.37
96,Mataura,3,NZ,1584476111,96,-46.19,168.86,41.0,1.99
97,Bollnäs,0,SE,1584476185,83,61.35,16.39,42.01,5.01
98,Hong Kong,40,HK,1584476079,73,22.29,114.16,71.01,8.05
99,Bambous Virieux,20,MU,1584476074,94,-20.34,57.76,75.2,2.24
100,Barrow,1,US,1584476112,85,71.29,-156.79,12.2,11.41
101,Tocopilla,100,CL,1584476089,57,-22.09,-70.2,69.71,9.46
102,Teguise,75,ES,1584476339,52,29.06,-13.56,64.4,18.34
103,Yellowknife,75,CA,1584476108,58,62.46,-114.35,-4.0,5.82
104,Pocatello,75,US,1584476339,50,42.87,-112.45,53.6,14.99
105,Havelock,90,US,1584476339,87,34.88,-76.9,57.99,6.93
106,Grenå,97,DK,1584476339,87,56.42,10.88,46.4,4.7
107,Severo-Kuril'sk,100,RU,1584476117,91,50.68,156.12,17.15,11.23
108,Polyarny,75,RU,1584476340,79,69.2,33.45,28.4,6.71
109,Ilhéus,20,BR,1584476194,74,-14.79,-39.05,86.0,9.17
110,Skjervøy,90,NO,1584476340,92,70.03,20.97,28.4,4.7
111,Saldanha,0,ZA,1584476178,82,-33.01,17.94,62.6,8.05
112,Tahe,100,CN,1584476340,97,52.33,124.73,22.19,1.14
113,Tateyama,0,JP,1584476341,65,34.98,139.87,45.0,6.93
114,Lata,20,PT,1584476157,82,40.16,-8.33,61.0,5.82
115,Kahului,1,US,1584476047,69,20.89,-156.47,80.01,22.7
116,Upernavik,15,GL,1584476063,50,72.79,-56.15,-12.01,6.2
117,Talnakh,40,RU,1584476173,84,69.49,88.4,8.6,26.84
118,Faya,0,SA,1584476172,87,18.39,42.45,62.6,8.05
119,Saint George,75,US,1584476174,50,37.1,-113.58,60.8,13.87
120,Provideniya,100,RU,1584476112,96,64.38,-173.3,25.79,6.67
121,Arraial do Cabo,75,BR,1584476090,83,-22.97,-42.03,78.8,4.7
122,Hithadhoo,92,MV,1584476132,75,-0.6,73.08,84.65,12.41
123,Charter Township of Clinton,40,US,1584476103,43,42.59,-82.92,51.8,5.82
124,Bengkulu,88,ID,1584475987,93,-3.8,102.27,73.49,3.98
125,Bilma,0,NE,1584476342,8,18.69,12.92,75.83,7.61
126,Ikom,85,NG,1584476342,68,5.97,8.71,84.11,7.07
127,Leningradskiy,100,RU,1584476149,77,69.38,178.42,25.79,7.83
128,Natal,20,BR,1584476168,66,-5.79,-35.21,86.0,12.75
129,Comodoro Rivadavia,20,AR,1584476343,63,-45.87,-67.5,66.2,18.34
130,Chui,100,UY,1584476115,70,-33.7,-53.46,71.87,13.33
131,Carutapera,1,BR,1584476165,80,-1.2,-46.02,82.13,11.86
132,Dāmghān,100,IR,1584476343,70,36.17,54.35,53.51,5.1
133,Geraldton,90,AU,1584476124,60,-28.77,114.6,69.8,10.29
134,Albany,90,US,1584476114,66,42.6,-73.97,51.01,5.88
135,Saint-Pierre,90,RE,1584476167,94,-21.34,55.48,75.2,5.82
136,Arrondissement de Saint-Claude,0,FR,1584476344,76,46.5,5.83,55.4,2.24
137,Lüderitz,0,NA,1584476179,82,-26.65,15.16,64.4,16.11
138,Douentza,58,ML,1584476344,23,15.0,-2.95,85.01,4.54
139,Baiyin,40,CN,1584476344,33,36.56,104.21,43.0,4.47
140,Kloulklubed,75,PW,1584476344,83,7.04,134.26,75.2,3.36
141,Cairns,75,AU,1584476276,78,-16.92,145.77,77.0,10.29
142,Arlit,15,NE,1584476100,7,18.74,7.39,82.31,12.17
143,Goderich,59,CA,1584476177,68,43.75,-81.72,45.0,21.0
144,Airai,0,TL,1584476123,82,-8.93,125.41,63.77,4.32
145,Phuthaditjhaba,100,ZA,1584476345,87,-28.52,28.82,54.77,4.81
146,Ancud,40,CL,1584476112,63,-41.87,-73.82,62.6,5.82
147,Deputatsky,62,RU,1584476345,88,69.3,139.9,-18.85,7.27
148,Saint-Philippe,90,RE,1584476122,94,-21.36,55.77,75.2,5.82
149,Clarksburg,90,US,1584476346,76,39.28,-80.34,50.0,11.41
150,Altay,0,CN,1584476346,36,47.87,88.12,28.67,6.11
151,São Filipe,67,CV,1584476086,80,14.9,-24.5,67.01,23.35
152,Caravelas,0,BR,1584476183,79,-17.71,-39.25,81.23,12.15
153,Conceição do Araguaia,15,BR,1584476346,66,-8.26,-49.26,89.6,5.82
154,Weligama,100,LK,1584476121,86,5.97,80.42,75.83,11.21
155,Sioux Lookout,75,CA,1584476146,41,50.1,-91.92,23.0,11.41
156,Lima,100,PE,1584476177,58,-12.04,-77.03,82.4,11.41
157,Rossland,98,CA,1584476347,43,49.08,-117.8,46.0,1.01
158,Rawson,0,AR,1584476347,66,-43.3,-65.1,61.07,11.63
159,Stabat,41,ID,1584476348,79,3.76,98.45,77.45,3.22
160,Saint Andrews,40,US,1584476163,68,34.05,-81.13,72.0,9.17
161,Jucuarán,20,SV,1584476348,49,13.25,-88.25,93.2,10.29
162,Saint Anthony,1,US,1584476348,28,45.02,-93.22,45.0,5.82
163,Redmond,1,US,1584476114,46,47.67,-122.12,53.01,3.36
164,Castro,0,BR,1584475919,80,-24.79,-50.01,72.05,5.39
165,Manacapuru,75,BR,1584476348,70,-3.3,-60.62,86.0,5.82
166,Tepotzotlán,20,MX,1584476349,25,19.71,-99.22,75.2,13.87
167,Yumen,66,CN,1584476146,26,40.28,97.2,36.05,11.83
168,Samarai,61,PG,1584476109,84,-10.62,150.67,76.73,4.72
169,Quito,75,EC,1584476096,56,-0.23,-78.52,71.6,12.75
170,Banepā,20,NP,1584476349,93,27.63,85.52,51.8,3.36
171,Nouadhibou,88,MR,1584475984,64,20.93,-17.03,68.0,23.04
172,Panguna,0,PG,1584476349,89,-6.32,155.48,73.67,0.6
173,Ponta do Sol,40,PT,1584476350,67,32.67,-17.1,59.0,17.22
174,Katsuura,0,JP,1584476143,57,35.13,140.3,45.0,6.93
175,Kruisfontein,0,ZA,1584476112,64,-34.0,24.73,66.29,6.15
176,Hambantota,100,LK,1584476113,81,6.12,81.12,79.07,12.66
177,Kiama,0,AU,1584476204,93,-34.68,150.87,57.2,8.05
178,Smithers,75,CA,1584475966,99,54.78,-127.17,32.0,3.36
179,Laurens,75,US,1584476350,73,32.45,-82.92,80.6,3.36
180,Chokurdakh,100,RU,1584476072,97,70.63,147.92,-4.45,9.51
181,Coquimbo,20,CL,1584476072,68,-29.95,-71.34,66.2,12.75
182,San Patricio,40,MX,1584476351,74,19.22,-104.7,87.8,11.41
183,Tiksi,99,RU,1584476140,89,71.69,128.87,-28.93,8.19
184,Siocon,91,PH,1584476351,68,7.71,122.14,78.71,3.06
185,Esperance,90,AU,1584476116,93,-33.87,121.9,60.8,9.17
186,Iqaluit,90,CA,1584476135,78,63.75,-68.51,15.8,16.11
187,Buraidah,75,SA,1584476352,69,26.33,43.98,75.2,12.75
188,Kumul,33,CN,1584476352,25,42.8,93.45,41.99,1.68
189,Victor Harbor,100,AU,1584476352,25,-35.57,138.62,79.0,10.29
190,Saint-Augustin,100,CA,1584476179,80,51.23,-58.65,27.41,23.87
191,Carnarvon,100,AU,1584476110,78,-24.87,113.63,71.6,12.75
192,Sohag,0,EG,1584476345,54,26.56,31.69,57.2,11.41
193,Verkhnevilyuysk,100,RU,1584476180,93,63.45,120.32,-7.87,5.35
194,Narsaq,20,GL,1584475935,43,60.92,-46.05,15.8,4.07
195,El Dorado,75,US,1584476353,64,33.21,-92.67,71.6,4.7
196,Marzuq,52,YE,1584476353,83,14.4,46.47,65.75,3.24
197,Huarmey,42,PE,1584476077,48,-10.07,-78.15,82.31,8.43
198,Labuhan,100,ID,1584476143,94,-6.88,112.21,74.93,2.24
199,Boa Vista,40,BR,1584476353,34,2.82,-60.67,96.8,10.29
200,Ulaangom,100,MN,1584476137,95,49.98,92.07,10.85,3.15
201,Homer,90,US,1584476124,80,59.64,-151.55,36.0,6.93
202,Salinas,40,US,1584476354,62,36.68,-121.66,57.0,10.29
203,Syracuse,25,IT,1584476354,71,37.09,15.28,53.6,1.12
204,Naze,95,JP,1584476146,59,28.37,129.48,64.4,6.93
205,Opuwo,90,NA,1584476354,63,-18.06,13.84,72.05,8.55
206,Abū Zabad,64,SD,1584476354,13,12.35,29.25,75.83,15.46
207,Singaraja,24,ID,1584476355,74,-8.11,115.09,83.03,6.85
208,Torbay,20,CA,1584476127,63,47.67,-52.73,30.0,20.8
209,Tailai,100,CN,1584476355,61,46.38,123.4,34.79,5.77
210,Vardø,75,NO,1584476128,79,70.37,31.11,24.8,9.17
211,Yatou,0,CN,1584476355,69,37.15,122.38,45.95,10.56
212,Pisco,40,PE,1584476151,30,-13.7,-76.22,71.6,9.17
213,Keshabpur,0,BD,1584476355,60,22.92,89.21,72.41,1.39
214,Datong,3,CN,1584476356,23,40.09,113.29,43.43,13.89
215,Elban,100,RU,1584476356,96,50.1,136.51,23.09,7.4
216,Alyangula,11,AU,1584476356,100,-13.85,136.42,73.4,3.87
217,Ķegums,90,LV,1584476356,70,56.75,24.72,42.8,8.05
218,Mumford,100,GH,1584476356,81,5.26,-0.76,81.41,6.2
219,Pahrump,90,US,1584476356,34,36.21,-115.98,59.0,14.99
220,Kalmunai,100,LK,1584476356,80,7.42,81.82,80.33,6.38
221,Aksarka,33,RU,1584476357,83,66.56,67.8,12.47,11.07
222,Andenes,75,NO,1584476357,71,69.31,16.12,35.6,26.4
223,Bubaque,27,GW,1584476172,70,11.28,-15.83,79.97,21.83
224,Kieta,0,PG,1584476154,79,-6.22,155.63,80.33,4.05
225,Vila Velha,40,BR,1584476161,78,-20.33,-40.29,84.0,10.29
226,Vostok,57,RU,1584476147,91,46.49,135.88,12.29,5.41
227,Ipixuna,75,BR,1584476357,88,-1.76,-48.8,78.8,14.99
228,Harar,89,ET,1584476358,64,9.31,42.13,68.09,5.46
229,Pevek,100,RU,1584476122,91,69.7,170.31,23.27,14.52
230,Gamba,100,GA,1584476358,89,-2.65,10.0,76.73,2.91
231,Atuona,2,PF,1584476119,74,-9.8,-139.03,82.49,9.64
232,Morón,90,AR,1584476185,94,-34.65,-58.62,71.6,18.34
233,Blankenberge,75,BE,1584476358,70,51.31,3.13,50.0,8.05
234,Aranos,0,NA,1584476358,62,-24.13,19.12,72.23,14.34
235,Steinkjer,75,NO,1584476358,86,64.19,11.39,39.0,17.22
236,Mendi,100,PG,1584476359,97,-6.18,143.65,52.07,2.62
237,Lompoc,40,US,1584476122,62,34.64,-120.46,57.0,8.05
238,Abancay,40,PE,1584476125,100,-13.63,-72.88,37.4,10.29
239,Chumikan,100,RU,1584476098,88,54.72,135.31,20.75,5.59
240,Hofn,100,IS,1584476090,92,64.25,-15.21,38.39,11.79
241,Inhambane,0,MZ,1584476173,73,-23.86,35.38,73.4,6.93
242,Preobrazheniye,0,RU,1584476360,73,42.9,133.91,27.59,5.19
243,Yaan,90,NG,1584476360,13,7.38,8.57,88.79,4.29
244,Puerto El Triunfo,20,SV,1584476360,49,13.28,-88.55,93.2,10.29
245,Rocha,100,UY,1584475886,58,-34.48,-54.33,70.97,11.27
246,Venado Tuerto,100,AR,1584476360,99,-33.75,-61.97,62.01,24.4
247,Tasiilaq,20,GL,1584476083,78,65.61,-37.64,14.0,3.36
248,Jiuquan,0,CN,1584476148,31,39.74,98.52,31.73,0.74
249,Sayyan,75,YE,1584476361,64,15.17,44.32,61.25,4.32
250,Adrar,100,MR,1584476159,24,20.5,-10.07,72.41,10.38
251,Parry Sound,3,CA,1584476361,78,45.35,-80.03,37.99,8.99
252,Havøysund,100,NO,1584476361,79,71.0,24.66,24.8,4.7
253,Makakilo City,90,US,1584476361,94,21.35,-158.09,78.8,29.97
254,Ust-Nera,62,RU,1584476168,100,64.57,143.2,-24.79,1.61
255,Chardara,88,KZ,1584476362,51,41.25,67.97,62.15,6.6
256,Barranco,2,PA,1584476362,70,9.52,-82.7,84.2,8.05
257,Hualmay,99,PE,1584476362,60,-11.1,-77.61,77.09,7.54
258,Greenfield,20,US,1584476079,26,42.96,-88.01,46.99,3.36
259,Diego de Almagro,0,CL,1584476362,24,-26.37,-70.05,78.17,12.08
260,Boende,75,CD,1584476258,97,-0.22,20.87,72.59,3.36
261,Nome,90,US,1584476039,92,64.5,-165.41,27.0,16.11
262,Menongue,100,AO,1584476363,96,-14.66,17.69,63.95,2.91
263,Ilulissat,75,GL,1584476141,49,69.22,-51.1,3.2,21.92
264,Warwick,90,US,1584476363,93,41.7,-71.42,46.99,4.7
265,Ahmadpur East,0,PK,1584476363,29,29.14,71.26,72.95,5.21
266,Soavinandriana,50,MG,1584476364,93,-19.17,46.73,66.29,2.73
267,Krasne,84,UA,1584476364,80,49.91,24.61,39.2,2.24
268,Bathurst,0,AU,1584476364,87,-33.42,149.58,48.0,1.01
269,Mount Isa,0,AU,1584476364,56,-20.73,139.5,71.6,3.36
270,Laguna,75,US,1584475844,58,38.42,-121.42,55.4,10.29
271,Tanete,11,ID,1584476364,96,-3.94,119.78,73.49,1.1
272,Kenora,100,CA,1584476364,58,49.82,-94.43,24.8,6.93
273,Port-Gentil,40,GA,1584476178,89,-0.72,8.78,84.2,9.17
274,Bandarbeyla,47,SO,1584476365,72,9.49,50.81,79.61,12.95
275,Shelburne,90,CA,1584476103,52,44.08,-80.2,44.6,14.99
276,Mogadishu,8,SO,1584476365,80,2.04,45.34,83.21,23.4
277,Atasū,8,KZ,1584476365,88,48.68,71.64,22.91,5.26
278,Kaeo,0,NZ,1584476166,80,-35.1,173.78,57.99,3.0
279,Playa Vicente,7,MX,1584476365,35,17.83,-95.82,94.01,7.83
280,Solnechnyy,100,RU,1584476160,97,50.72,136.63,19.31,1.7
281,Kudahuvadhoo,100,MV,1584476366,77,2.67,72.89,84.11,17.63
282,San Cristobal,40,VE,1584476366,58,7.77,-72.22,84.2,8.05
283,Atikokan,90,CA,1584476366,62,48.76,-91.62,25.79,10.51
284,Yulara,0,AU,1584475958,28,-25.24,130.99,80.6,6.93
285,Bilibino,100,RU,1584476171,96,68.05,166.44,20.75,4.97
286,Isla Mujeres,40,MX,1584476130,65,21.23,-86.73,82.4,12.75
287,Opelika,90,US,1584476085,61,32.65,-85.38,78.01,3.36
288,Eyl,46,SO,1584476180,75,7.98,49.82,80.51,18.12
289,Tual,48,ID,1584476367,70,-5.67,132.75,81.95,2.51
290,Paamiut,92,GL,1584476367,55,61.99,-49.67,12.29,9.37
291,Clyde River,75,CA,1584476367,82,70.47,-68.59,-16.6,16.11
292,Forsytheganj,27,BY,1584476367,92,52.63,29.73,36.05,4.74
293,Codrington,100,AU,1584476127,57,-38.27,141.97,67.73,10.87
294,Sigli,100,ID,1584476368,73,5.38,95.96,82.13,1.16
295,Sakakah,0,SA,1584476368,48,29.97,40.21,64.4,16.11
296,Brockville,40,CA,1584476103,93,44.58,-75.68,43.0,14.99
297,Tezu,28,IN,1584476137,50,27.92,96.17,63.23,3.11
298,Raja,0,SS,1584476368,22,8.46,25.68,77.81,3.85
299,Salamiyah,100,SY,1584476368,81,35.01,37.05,48.47,5.5
300,Cherskiy,100,RU,1584476173,95,68.75,161.3,3.65,16.24
301,Kojori,90,GE,1584476369,100,41.66,44.7,33.8,3.36
302,Kisangani,99,CD,1584476369,98,0.52,25.2,71.69,2.89
303,Birin,0,NP,1584476369,67,26.89,88.07,47.39,4.47
304,Gisborne,74,NZ,1584476270,81,-38.65,178.0,55.0,11.99
305,Constitución,4,CL,1584476072,65,-35.33,-72.42,64.13,12.57
306,Aykhal,0,RU,1584476116,75,66.0,111.5,-16.6,4.47
307,Tsabong,39,BW,1584476369,75,-26.02,22.4,69.35,22.39
308,Sur,0,OM,1584476175,57,22.57,59.53,66.65,4.27
309,Nizhneangarsk,79,RU,1584476370,83,55.78,109.55,6.17,6.13
310,Todos Santos,75,MX,1584476370,50,23.45,-110.22,82.4,11.41
311,Karratha,14,AU,1584476107,60,-20.74,116.85,87.53,8.75
312,Mabaruma,64,GY,1584476370,58,8.2,-59.78,83.93,7.4
313,Uruçuí,16,BR,1584476370,78,-7.23,-44.56,79.43,1.1
314,Verkhoyansk,100,RU,1584476118,99,67.54,133.38,-6.25,3.15
315,Margate,67,GB,1584476370,87,51.38,1.39,48.99,10.29
316,Luganville,75,VU,1584476371,100,-15.53,167.17,73.4,3.36
317,Mbala,100,ZM,1584476169,96,-8.84,31.37,60.53,2.8
318,Dongsheng,78,CN,1584476371,20,39.82,109.98,42.53,21.77
319,Kalabo,100,ZM,1584476371,94,-14.97,22.68,64.85,4.36
320,Vurnary,99,RU,1584476371,98,55.49,46.96,33.35,5.3
321,Longyearbyen,20,SJ,1584476104,68,78.22,15.64,-18.4,3.36
322,Lucea,20,JM,1584476371,58,18.45,-78.17,86.0,23.04
323,Santa Rosa,75,PH,1584476372,74,14.31,121.11,78.8,4.7
324,Saint Paul Harbor,40,US,1584476110,86,57.79,-152.41,39.2,2.93
325,Kavaratti,0,IN,1584476125,67,10.57,72.64,82.85,7.34
326,Bullhead City,75,US,1584476191,34,35.15,-114.57,66.99,16.11
327,Sobreira,0,PT,1584476372,50,41.52,-7.8,50.0,6.89
328,Kozan,75,TR,1584476372,75,37.46,35.82,46.4,6.93
329,Wanparti,0,IN,1584476372,48,16.37,78.07,77.81,5.53
330,Touros,20,BR,1584476109,62,-5.2,-35.46,86.0,12.75
331,Henties Bay,0,NA,1584476373,94,-22.12,14.28,62.01,1.01
332,Yuyao,82,CN,1584476373,87,30.05,121.15,53.6,2.24
333,Asău,100,RO,1584476148,36,46.43,26.4,48.2,5.82
334,Xining,41,CN,1584476158,53,36.62,101.77,30.29,2.46
335,Winnemucca,90,US,1584476373,64,40.97,-117.74,39.2,17.22
336,Canto do Buriti,46,BR,1584476373,83,-8.11,-42.94,77.27,2.71
337,Ciudad Bolivar,100,VE,1584476374,37,8.12,-63.55,92.39,9.15
338,Balakovo,15,RU,1584476154,74,52.03,47.8,32.81,7.18
339,Skuodas,94,LT,1584476374,93,56.27,21.53,41.0,12.75
340,Vestmannaeyjar,77,IS,1584476182,70,63.44,-20.27,34.97,2.53
341,Rio Grande,40,BR,1584476125,54,-32.03,-52.1,84.2,13.87
342,Fuerte Olimpo,50,PY,1584476375,38,-21.04,-57.87,96.71,7.02
343,Chibuto,1,MZ,1584476375,86,-24.69,33.53,65.57,2.55
344,Balikpapan,51,ID,1584476375,80,-1.27,116.83,81.77,16.69
345,Markova,88,UA,1584476375,89,48.68,24.41,35.15,2.15
346,Yeppoon,2,AU,1584476158,72,-23.13,150.73,68.0,10.29
347,Salalah,75,OM,1584476119,69,17.02,54.09,78.8,6.93
348,Mitú,85,CO,1584476375,52,1.2,-70.17,91.13,3.36
349,Moerai,100,PF,1584476128,82,-22.43,-151.33,78.89,25.14
350,Tazovsky,100,RU,1584476150,94,67.47,78.7,19.85,17.18
351,Kerema,77,PG,1584476376,86,-7.96,145.78,74.75,2.28
352,College,1,US,1584476376,73,64.86,-147.8,34.0,6.93
353,Te Kauwhata,0,NZ,1584476376,58,-37.4,175.15,62.01,6.93
354,Samarinda,39,ID,1584476223,96,-0.5,117.15,72.23,1.57
355,Tipacoque,9,CO,1584476377,78,6.42,-72.69,59.63,4.68
356,Ugoofaaru,60,MV,1584476377,77,5.67,73.0,84.11,19.3
357,Santa Maria,0,BR,1584476377,58,-29.68,-53.81,86.0,12.75
358,Canary Islands,75,ES,1584476377,63,28.0,-15.5,63.0,17.22
359,Ibotirama,8,BR,1584476377,81,-12.19,-43.22,76.55,1.9
360,Lipin Bor,100,RU,1584476377,86,60.26,37.98,30.83,11.03
361,Lodwar,100,KE,1584476378,50,3.12,35.6,86.27,5.73
362,Mandurah,40,AU,1584476378,55,-32.55,115.7,64.4,16.11
363,Bariloche,40,AR,1584476378,42,-41.15,-71.31,71.6,3.36
364,Haines Junction,1,CA,1584476378,70,60.75,-137.51,23.63,0.94
365,Tulsīpur,0,NP,1584476378,55,28.13,82.3,58.55,4.68
366,Bac Lieu,100,VN,1584476378,90,9.29,105.72,74.93,5.73
367,Sinnamary,54,GF,1584476133,77,5.38,-52.95,80.69,13.69
368,Fortuna,75,US,1584476150,87,40.6,-124.16,46.99,14.99
369,Arcata,90,US,1584476303,75,40.87,-124.08,46.99,5.82
370,Binga,98,ZW,1584476379,82,-17.62,27.34,73.85,5.26
371,Oruzgan,0,AF,1584476379,69,32.83,66.0,46.49,3.2
372,Kerrville,75,US,1584476379,65,30.05,-99.14,80.01,11.41
373,Aghavnadzor,90,AM,1584476379,89,39.78,45.23,42.8,13.87
374,Hobyo,30,SO,1584476189,76,5.35,48.53,79.07,14.36
375,Heinola,90,FI,1584476380,93,61.21,26.04,37.4,12.75
376,Broome,90,US,1584476191,93,42.25,-75.83,46.99,6.93
377,Presidencia Roque Sáenz Peña,94,AR,1584476380,42,-26.79,-60.44,92.39,2.89
378,Ransang,0,PH,1584476380,64,8.96,117.58,77.81,3.47
379,Viedma,1,AR,1584476123,73,-40.81,-63.0,67.37,19.46
380,Cabedelo,40,BR,1584476172,70,-6.98,-34.83,86.0,12.75
381,Aksu,29,CN,1584476159,26,41.12,80.26,46.31,7.56
382,Rāghogarh,0,IN,1584476369,28,24.45,77.2,68.99,8.16
383,Greensburg,90,US,1584476381,81,40.3,-79.54,46.0,14.99
384,Manaure,20,CO,1584476326,58,11.78,-72.44,86.0,16.11
385,Olinda,20,BR,1584475947,70,-8.01,-34.86,86.0,8.05
386,Balkhash,100,KZ,1584476381,78,46.84,74.98,36.05,12.53
387,Alofi,75,NU,1584476162,79,-19.06,-169.92,84.2,8.05
388,Itagibá,16,BR,1584476381,94,-14.28,-39.84,72.77,2.19
389,Akdepe,100,TM,1584476381,43,42.06,59.38,59.0,11.41
390,Ostrovnoy,4,RU,1584476044,92,68.05,39.51,19.67,15.28
391,Mehamn,75,NO,1584476133,79,71.04,27.85,24.8,4.7
392,Sitka,1,US,1584476166,65,57.05,-135.33,41.0,13.87
393,Jaisalmer,0,IN,1584476382,20,26.91,70.92,77.27,6.46
394,Lavrentiya,100,RU,1584476382,96,65.58,-171.0,27.23,8.79
395,Ferme-Neuve,95,CA,1584476382,87,46.7,-75.45,34.43,14.58
396,Guilin,75,CN,1584476383,100,25.28,110.29,55.4,3.13
397,Sulina,76,RO,1584476383,64,45.16,29.65,40.73,6.82
398,Deer Lake,90,CA,1584476383,63,49.17,-57.43,30.2,19.46
399,Faanui,100,PF,1584476124,73,-16.48,-151.75,82.67,8.1
400,Clarence Town,24,AU,1584476383,100,-32.58,151.78,59.0,5.82
401,Catió,32,GW,1584476383,72,11.28,-15.25,73.85,6.85
402,Konya Province,40,TR,1584476384,79,38.17,32.5,26.6,11.41
403,Anadyr,20,RU,1584475966,79,64.75,177.48,21.2,8.95
404,Laas,0,IT,1584476384,66,46.62,10.7,50.0,2.24
405,Tullahoma,90,US,1584476384,87,35.36,-86.21,68.0,10.29
406,Morehead,40,US,1584476384,58,37.27,-87.18,59.0,4.7
407,Bereket,98,TM,1584476384,82,39.24,55.52,48.83,0.74
408,Ca Mau,77,VN,1584476147,94,9.18,105.15,73.49,2.51
409,Salihorsk,96,BY,1584476385,79,52.79,27.54,37.67,5.64
410,Sistranda,75,NO,1584476385,93,63.73,8.83,37.99,29.97
411,Kétegyháza,0,HU,1584476385,60,46.53,21.18,42.8,2.24
412,Milledgeville,75,US,1584476385,77,33.08,-83.23,75.0,2.01
413,Beringovskiy,38,RU,1584476373,87,63.05,179.32,30.11,15.93
414,Dogondoutchi,1,NE,1584476183,6,13.64,4.03,85.37,9.33
415,Morant Bay,20,JM,1584476386,62,17.88,-76.41,87.8,18.34
416,Nangomba,100,TZ,1584476386,97,-10.9,38.5,72.23,1.1
417,Languyan,95,PH,1584476386,77,5.26,120.08,80.87,9.69
418,Kendari,41,ID,1584476386,97,-3.94,122.5,72.05,2.66
419,Udachny,0,RU,1584476386,75,66.42,112.4,-16.6,4.47
420,Pangody,100,RU,1584476092,95,65.85,74.49,23.45,11.14
421,Fort Nelson,75,CA,1584476386,58,58.81,-122.7,26.6,2.24
422,Komatsu,75,JP,1584476387,81,36.4,136.45,44.6,10.29
423,Portland,40,US,1584475947,46,45.52,-122.68,59.0,4.7
424,Ekibastuz,0,KZ,1584476387,80,51.67,75.37,26.33,16.08
425,Shingū,0,JP,1584476148,64,33.73,135.98,55.31,11.83
426,Dingle,14,PH,1584476088,92,11.0,122.67,72.41,9.89
427,Ayr,75,GB,1584476387,93,55.46,-4.63,44.6,4.7
428,Kano,100,NG,1584476387,24,12.0,8.52,82.4,3.36
429,Huambo,100,AO,1584476388,99,-12.78,15.74,61.61,0.81
430,Srednekolymsk,97,RU,1584475925,96,67.45,153.68,-11.29,8.37
431,Auki,0,SB,1584476146,74,-8.77,160.7,83.75,3.76
432,Xicoténcatl,34,MX,1584476388,47,23.02,-98.88,91.0,11.01
433,Cidreira,93,BR,1584476118,79,-30.18,-50.21,73.67,19.17
434,Avera,90,US,1584476388,77,33.19,-82.53,73.4,5.06
435,Mahabalipuram,20,IN,1584476389,83,12.63,80.17,82.99,2.24
436,Muisne,40,EC,1584476389,83,0.6,-80.03,84.2,6.93
437,Dauphin,20,CA,1584476389,62,51.15,-100.05,19.4,6.93
438,Canandaigua,90,US,1584476389,69,42.87,-77.29,46.0,5.82
439,Hanyang,80,CN,1584476389,63,32.14,105.51,54.0,2.13
440,Namatanai,100,PG,1584476138,78,-3.67,152.43,81.95,8.68
441,Half Moon Bay,75,US,1584476289,58,37.46,-122.43,57.99,3.36
442,Port Lincoln,100,AU,1584476390,40,-34.73,135.87,72.05,4.07
443,Tobol,0,KZ,1584476390,86,52.68,62.58,21.83,13.62
444,Olhão,20,PT,1584476390,82,37.03,-7.84,55.4,11.41
445,Jalu,0,LY,1584476131,28,29.03,21.55,62.87,16.24
446,Kirensk,100,RU,1584476390,93,57.79,108.11,10.13,6.08
447,Progreso,75,MX,1584476108,26,21.28,-89.67,96.8,13.87
448,Mayo,40,US,1584476132,51,38.89,-76.51,64.99,8.05
449,Peniche,20,PT,1584476127,82,39.36,-9.38,61.0,5.82
450,Gayny,55,RU,1584476391,97,60.31,54.32,17.69,5.03
451,Fukagawa,15,JP,1584476391,88,43.71,142.04,26.87,1.43
452,Havre-St-Pierre,90,CA,1584476123,79,50.23,-63.6,26.6,19.46
453,Isangel,75,VU,1584476145,83,-19.55,169.27,80.6,16.49
454,Çorum Province,73,TR,1584476392,73,40.5,34.75,23.81,8.81
455,Solano,75,US,1584476392,66,38.23,-121.95,57.0,4.7
456,Imbituba,75,BR,1584476392,69,-28.24,-48.67,75.2,6.93
457,Bozoum,92,CF,1584476392,20,6.32,16.38,75.83,3.58
458,Puri,0,IN,1584476392,88,19.8,85.85,78.8,4.7
459,Cap Malheureux,20,MU,1584476392,94,-19.98,57.61,75.2,2.24
460,Beruwala,100,LK,1584476393,87,6.48,79.98,76.01,7.65
461,Vinh Yen,90,VN,1584476393,93,21.31,105.6,66.2,10.29
462,Mokobeng,0,BW,1584476393,70,-23.0,27.67,65.21,7.61
463,Nanortalik,0,GL,1584476114,57,60.14,-45.24,19.85,14.27
464,Grand Gaube,20,MU,1584476393,94,-20.01,57.66,75.2,2.24
465,Yar-Sale,83,RU,1584476136,86,66.83,70.83,14.45,12.26
466,Hamilton,90,US,1584475988,53,39.18,-84.53,52.0,8.05
467,Sisimiut,100,GL,1584476394,72,66.94,-53.67,4.37,17.2
468,Gari,0,RU,1584476394,84,59.43,62.35,22.37,10.85
469,São Sebastião,34,BR,1584476394,82,-23.76,-45.41,78.53,4.83
470,Kulykivka,30,UA,1584476394,94,51.37,31.65,34.61,2.66
471,Mossendjo,100,CG,1584476394,93,-2.95,12.73,72.05,1.05
472,La Ronge,75,CA,1584476394,45,55.1,-105.28,3.2,6.93
473,Hailar,97,CN,1584476068,85,49.2,119.7,20.03,11.59
474,Sīwah,0,EG,1584476395,46,29.2,25.52,58.55,9.31
475,Jibert,0,RO,1584476395,37,46.0,25.07,42.01,3.0
476,Zorgo,7,BF,1584476395,8,12.25,-0.62,89.87,8.32
477,Mugumu,100,TZ,1584476395,93,-1.85,34.7,65.39,2.51
478,Āsosa,69,ET,1584476395,15,10.07,34.53,74.03,5.23
479,Muromtsevo,40,RU,1584476395,85,56.37,75.24,22.37,12.03
480,Broken Hill,0,AU,1584476395,45,-31.95,141.43,68.0,9.17
481,Mandalgovi,2,MN,1584476396,67,45.76,106.27,20.75,29.66
482,Mil'kovo,100,RU,1584476396,89,54.72,158.62,8.15,2.08
483,Lorengau,100,PG,1584476120,79,-2.02,147.27,82.49,8.12
484,Mitsamiouli,96,KM,1584476396,66,-11.38,43.28,83.57,2.8
485,Izazi,75,TZ,1584476396,88,-7.2,35.73,68.0,2.3
486,Kawalu,56,ID,1584476116,93,-7.38,108.21,69.71,2.95
487,Novo Cruzeiro,24,BR,1584476396,97,-17.47,-41.88,69.35,2.33
488,Safi,30,MA,1584476383,92,32.3,-9.24,50.27,11.7
489,Puerto Carreño,40,CO,1584476397,29,6.19,-67.49,98.6,11.41
490,Vanimo,81,PG,1584476397,80,-2.67,141.3,81.77,10.29
491,Saravan,90,AM,1584476397,79,39.72,45.65,42.8,13.87
492,Kimbe,96,PG,1584476397,94,-5.55,150.14,74.75,2.44
493,Eten,20,PE,1584476397,29,-6.91,-79.86,66.2,13.87
494,Harper,90,LR,1584476146,93,4.38,-7.72,78.17,4.23
495,Tumbagaan,100,PH,1584476398,74,5.37,120.31,81.05,6.82
496,Ust'-Omchug,80,RU,1584476398,97,61.15,149.63,-1.75,1.9
497,Lubango,100,AO,1584476398,97,-14.92,13.49,61.61,2.84
498,Karasjok,20,NO,1584476398,79,69.47,25.51,26.6,11.41
499,Ulaanbaatar,40,MN,1584476398,73,47.91,106.88,24.8,20.13
500,Léogâne,20,HT,1584476398,51,18.51,-72.63,84.2,13.87
501,Nambucca Heads,22,AU,1584476116,93,-30.65,153.0,60.8,8.05
502,Kavieng,100,PG,1584476161,75,-2.57,150.8,83.03,12.35
503,Gijang,0,KR,1584476399,70,35.24,129.21,44.6,2.24
504,Klamath Falls,90,US,1584476399,80,42.22,-121.78,46.99,14.99
505,Nuuk,75,GL,1584476343,48,64.18,-51.72,19.4,16.11
506,Necochea,100,AR,1584475935,76,-38.55,-58.74,71.01,1.99
507,Siniscola,0,IT,1584476399,90,40.57,9.69,42.53,1.88
508,Bloemfontein,100,ZA,1584476317,100,-29.12,26.21,55.4,4.7
509,Pānsemāl,0,IN,1584476400,44,21.65,74.7,76.73,1.43
510,Guayabal de Síquima,40,CO,1584476400,49,4.88,-74.47,71.6,16.11
511,Petropavlovsk-Kamchatskiy,100,RU,1584476400,52,53.05,158.65,17.6,8.95
512,San José de Río Tinto,81,HN,1584476400,74,14.93,-85.7,75.83,5.59
513,Riyadh,32,SA,1584475867,28,24.69,46.72,80.6,10.29
514,San Vicente,86,AR,1584476400,50,-26.62,-54.13,84.11,2.08
515,Binzhou,0,CN,1584476401,30,37.37,118.02,61.0,1.99
516,Kharp,59,RU,1584476401,96,66.8,65.81,6.17,5.21
517,Sungai Penuh,85,ID,1584476163,99,-2.08,101.38,62.87,2.42
518,Kuril'sk,38,RU,1584475925,79,45.23,147.88,27.23,6.51
519,Tiarei,40,PF,1584476401,70,-17.53,-149.33,86.0,11.41
520,Wanning,100,CN,1584476401,81,18.8,110.4,72.95,5.23
521,At-Bashi,97,KG,1584476402,75,41.17,75.81,12.65,2.17
522,Zihuatanejo,5,MX,1584476402,62,17.63,-101.55,87.8,12.75
523,Ambilobe,33,MG,1584476140,92,-13.2,49.05,75.47,3.11
524,Nardaran,100,AZ,1584476402,61,40.56,50.01,42.8,20.8
525,Dospat,0,BG,1584476402,70,41.65,24.17,36.41,3.78
526,Guerrero Negro,0,MX,1584476134,48,27.98,-114.06,66.83,10.8
527,Rosetta,40,EG,1584476402,50,31.4,30.42,57.2,13.87
528,Helena,1,US,1584476403,63,46.59,-112.04,39.0,7.63
529,Beira,40,MZ,1584476403,78,-19.84,34.84,78.8,19.46
530,Camacha,40,PT,1584476403,58,33.08,-16.33,59.0,18.34
531,Eydhafushi,88,MV,1584476403,78,5.1,73.07,84.29,19.71
532,Soure,98,BR,1584476403,87,-0.72,-48.52,79.61,5.35
533,Wattegama,100,LK,1584476403,94,6.8,81.48,73.13,2.08
534,Gushikawa,90,JP,1584476404,87,26.35,127.87,64.4,3.36
535,Mina,40,MX,1584476404,42,26.0,-100.53,84.2,16.11
536,Zlobin,100,HR,1584476404,87,45.29,14.65,46.0,3.58
537,Tegul'det,100,RU,1584476134,88,57.31,88.17,28.13,11.18
538,Varkala,40,IN,1584476161,48,8.73,76.71,86.0,5.82
539,Ouidah,40,BJ,1584476404,83,6.36,2.09,84.2,12.75
540,Yuanping,0,CN,1584476404,21,38.72,112.76,46.85,8.99
541,Sulphur,75,US,1584476405,69,30.24,-93.38,82.4,13.87
542,Miragoâne,0,HT,1584476405,66,18.44,-73.09,78.35,9.82
543,Ripoll,20,ES,1584476405,93,42.2,2.19,55.99,5.82
544,Arman',100,RU,1584476405,94,59.7,150.17,11.03,9.35
545,Dzilam González,18,MX,1584476405,83,21.28,-88.93,76.37,27.69
546,Spencer,40,US,1584476262,56,43.14,-95.14,43.0,10.29
547,Cervo,94,ES,1584476405,1,43.67,-7.41,55.0,0.83
548,Abu Samrah,100,SY,1584476406,84,35.3,37.18,46.13,6.13
549,Kelo,20,TD,1584476406,13,9.31,15.81,82.85,4.23
550,Gemeente Wageningen,75,NL,1584476406,65,51.97,5.67,52.0,5.82
551,Sorong,0,ID,1584476168,96,-0.88,131.25,70.79,1.63
552,Horsham,20,GB,1584476373,93,51.06,-0.33,51.8,10.29
